Wallet Name,Wallet Address
Wallet Alpha,0xAbC1234567890aBC1234567890ABC1234567890a
Wallet Beta,0xBcd2345678901BCD2345678901BCD2345678901b
Wallet Gamma,0xCde3456789012CDE3456789012CDE3456789012c
Wallet Delta,0xDef4567890123DEF4567890123DEF4567890123d
Wallet Echo,0xEfg5678901234EFG5678901234EFG5678901234e
Wallet Foxtrot,0xFgh6789012345FGH6789012345FGH6789012345f
Wallet Golf,0x123AaBbCcDdEeFf00112233445566778899aAbBc
Wallet Hotel,0x456BbCcDdEeFf00112233445566778899aAbBcCd
Wallet India,0x789CcDdEeFf00112233445566778899aAbBcCdDe
Wallet Juliet,0x0AaBbCcDdEeFf00112233445566778899aAbBcCd
